<?xml version="1.0" ?><addon id="script.logviewer" name="Log Viewer" provider-name="merlink" version="0.0.2">
    <requires>
        <import addon="xbmc.python" version="2.14.0"/>
    </requires>
    <extension library="addon.py" point="xbmc.python.script"/>                                                                                    <extension point="xbmc.addon.metadata">
        <platform>all</platform>
        <summary lang="en">View the Logfile of Kodi</summary>
        <description lang="en">View the Logfile of Kodi</description>
        <license>GNU General Public License, v2</license>
        <language/>
        <source>https://github.com/jeffreykira/KodiPlugins/tree/master/script.logviewer</source>
    </extension>
</addon>
